first_name	name	gender	probability	count
Aaron	Aaron	male	0.99	24633
Abel	Abel	male	0.98	15409
Abelardo	Abelardo	male	0.99	716
Abhishek	Abhishek	male	1	3838
Abraham	Abraham	male	0.98	10041
Achim	Achim	male	0.96	3171
Adam	Adam	male	0.98	116396
Adeline	Adeline	female	0.98	19402
Adrian	Adrian	male	0.99	90344
Adriana	Adriana	female	0.99	49650
Adrienne	Adrienne	female	0.97	1569
Agustina	Agustina	female	0.99	1425
Ahmed	Ahmed	male	0.98	139051
Aina	Aina	female	0.83	2968
Akisato	Akisato	male	1	1
Akitaka	Akitaka	male	1	19
Ákos	Akos	male	0.9	589
Ala'	Ala'	male	0.92	25
Alastair	Alastair	male	0.99	745
Alba	Alba	female	0.97	30366
Albana	Albana	female	0.95	715
Albert	Albert	male	0.98	41504
Alberta	Alberta	female	0.97	1463
Alberto	Alberto	male	0.99	124347
Alejandra	Alejandra	female	0.98	16369
Alejandro	Alejandro	male	0.99	56977
Aleksandra	Aleksandra	female	0.98	49679
Alessandra	Alessandra	female	0.99	47882
Alessandro	Alessandro	male	0.99	126666
Alessia	Alessia	female	0.99	49976
Alessio	Alessio	male	0.99	49262
Alex	Alex	male	0.9	411319
Alexander	Alexander	male	0.99	66065
Alexandra	Alexandra	female	0.98	122985
Alexandros	Alexandros	male	0.99	4437
Alfonso	Alfonso	male	0.99	30170
Ali	Ali	male	0.95	319583
Alice	Alice	female	0.98	68971
Alina	Alina	female	0.98	46273
Aliza	Aliza	female	0.97	412
Allan	Allan	male	0.99	15455
Alon	Alon	male	0.96	710
Alona	Alona	female	0.97	1050
Alrik	Alrik	male	1	50
Altaf	Altaf	male	0.93	523
Alvaro	Alvaro	male	0.99	37584
Álvaro	Alvaro	male	0.99	37584
Amanda	Amanda	female	0.98	49026
Amber	Amber	female	0.95	5248
Amelie	Amelie	female	0.97	12128
Amie	Amie	female	0.89	1622
Amuitz	Amuitz	unknown	0	0
Amy	Amy	female	0.97	31233
Ana	Ana	female	0.98	273767
Anastasia	Anastasia	female	0.98	22207
Anders	Anders	male	0.99	12623
Andre	Andre	male	0.95	64369
André	Andre	male	0.95	64369
Andrea	Andrea	male	0.62	302977
Andreas	Andreas	male	0.99	71365
Andreina	Andreina	female	0.98	1593
Andrej	Andrej	male	0.99	7941
Andreu	Andreu	male	0.98	2009
Andrew	Andrew	male	0.99	60301
Andy	Andy	male	0.92	66103
Angela	Angela	female	0.99	106685
Angélica	Angelica	female	0.99	17941
Anil	Anil	male	0.97	6560
Anita	Anita	female	0.98	66163
Anja	Anja	female	0.98	28930
Anjali	Anjali	female	0.97	694
Anke	Anke	female	0.97	6368
Anna	Anna	female	0.98	383713
Anna-Lena	Anna-Lena	female	0.97	2314
Annabelle	Annabelle	female	0.98	6109
Anne	Anne	female	0.97	78727
Anne-Marie	Anne-Marie	female	0.98	5857
Annette	Annette	female	0.98	9790
Annika	Annika	female	0.97	11182
Anselm	Anselm	male	0.99	242
Anthea	Anthea	female	0.99	779
Anthony	Anthony	male	0.99	98251
Anthoula	Anthoula	female	0.97	115
Antoni-Italo	Antoni-Italo	unknown	0	0
António	Antonio	male	0.99	328654
Anup	Anup	male	0.99	695
Ari	Ari	male	0.65	10413
Aris	Aris	male	0.93	5555
Armin	Armin	male	0.97	6850
Arnaud	Arnaud	male	0.99	39701
Arndt	Arndt	male	0.98	275
Arno	Arno	male	0.99	7955
Arthur	Arthur	male	0.99	20587
Ashley	Ashley	female	0.61	13738
Asif	Asif	male	0.99	4847
Asli	Asli	female	0.96	3723
Atsushi	Atsushi	male	1	1494
Audrey	Audrey	female	0.97	54814
Aurelia	Aurelia	female	0.98	6428
Aya	Aya	female	0.95	12830
Ayjeren	Ayjeren	female	1	2
Aykut	Aykut	male	0.97	13389
Aysenur	Aysenur	female	0.97	1112
Ayşenur	Aysenur	female	0.97	1112
Ayush	Ayush	male	0.98	486
Babak	Babak	male	0.98	2732
Barbara	Barbara	female	0.98	94709
Barry	Barry	male	0.97	12863
Barton	Barton	male	0.95	182
Bastiaan	Bastiaan	male	0.99	561
Bastian	Bastian	male	0.99	5082
Belen	Belen	female	0.99	13681
Belén	Belen	female	0.99	13681
Ben	Ben	male	0.95	77991
Benjamin	Benjamin	male	0.99	62465
Benoit	Benoit	male	0.99	27836
Beomseob	Beomseob	male	1	1
Berna	Berna	female	0.89	7352
Bernd	Bernd	male	0.99	12170
Bernhard	Bernhard	male	1	4969
Bertjan	Bertjan	male	1	45
Beth	Beth	female	0.97	4286
Bilal	Bilal	male	0.97	30890
Birgit	Birgit	female	0.98	10750
Björn	Bjorn	male	0.99	5027
Bjørn	Bjorn	male	0.99	5027
Blake	Blake	male	0.96	2426
Blätte	Blatte	male	0.75	12
Boris	Boris	male	0.99	19244
Brad	Brad	male	0.99	10696
Bradley	Bradley	male	0.99	5098
Brandon	Brandon	male	0.99	14697
Brenda	Brenda	female	0.99	23113
Brendan	Brendan	male	0.99	3457
Brett	Brett	male	0.99	5601
Brian	Brian	male	0.99	51483
Britt	Britt	female	0.94	2220
Brittany	Brittany	female	0.98	903
Bruno	Bruno	male	0.99	103169
Bryn	Bryn	male	0.96	361
Bugra	Bugra	male	0.96	1830
Burak	Burak	male	0.96	57287
Burcu	Burcu	female	0.97	19183
Caileigh	Caileigh	female	1	5
Callum	Callum	male	0.99	2478
Cameron	Cameron	male	0.92	3334
Camilla	Camilla	female	0.98	13635
Camilo	Camilo	male	0.98	4565
Carina	Carina	female	0.98	22714
Carl	Carl	male	0.98	17561
Carles	Carles	male	0.98	4171
Carlo	Carlo	male	0.99	55640
Carlos	Carlos	male	0.99	236888
Carmela	Carmela	female	0.99	12408
Carol	Carol	female	0.97	33721
Carolina	Carolina	female	0.98	40287
Caroline	Caroline	female	0.98	64753
Carsten	Carsten	male	1	9344
Casey	Casey	male	0.74	3423
Casper	Casper	male	0.95	3981
Cassilde	Cassilde	female	0.8	5
Catarina	Catarina	female	0.97	13836
Caterina	Caterina	female	0.99	13712
Catherine	Catherine	female	0.98	50312
Chagai	Chagai	male	1	1
Chankyung	Chankyung	female	0.5	2
Chao-yo	Chao-yo	unknown	0	0
Charles	Charles	male	0.99	49331
Chendi	Chendi	female	0.6	15
Chengli	Chengli	male	0.75	12
Chiara	Chiara	female	0.99	58622
Chitralekha	Chitralekha	female	1	9
Chris	Chris	male	0.9	156083
Christian	Christian	male	0.99	156233
Christina	Christina	female	0.98	35006
Christine	Christine	female	0.99	91004
Christoffer	Christoffer	male	1	2676
Christoph	Christoph	male	1	17656
Christophe	Christophe	male	0.99	90978
Christopher	Christopher	male	0.99	53539
Claes	Claes	male	0.96	952
Claire	Claire	female	0.97	42044
Clara	Clara	female	0.98	42811
Clareta	Clareta	female	1	14
Clark	Clark	male	0.98	2533
Claudia	Claudia	female	0.98	118604
Clément	Clement	male	0.98	13546
Cleo	Cleo	female	0.89	2689
Clint	Clint	male	0.99	2565
Cody	Cody	male	0.94	2771
Colin	Colin	male	0.98	13002
Conor	Conor	male	0.99	1906
Conrad	Conrad	male	0.98	1829
Constantin	Constantin	male	0.91	7057
Constantine	Constantine	male	0.9	985
Constanza	Constanza	female	0.98	656
Corinna	Corinna	female	0.97	6190
Corwin	Corwin	male	0.98	125
Cosima	Cosima	female	0.97	437
Costin	Costin	male	0.92	1452
Cristiane	Cristiane	female	0.98	1268
Cristina	Cristina	female	0.99	140931
Csaba	Csaba	male	0.99	12888
Cyrille	Cyrille	male	0.95	9192
D.Flynn	D.Flynn	unknown	0	0
Daiki	Daiki	male	0.99	586
Dalston	Dalston	male	0.8	5
Damian	Damian	male	0.99	45769
Damien	Damien	male	0.99	45746
Dan	Dan	male	0.95	55986
Dana	Dana	female	0.95	37468
Dani	Dani	male	0.88	77121
Daniel	Daniel	male	0.99	317409
Daniela	Daniela	female	0.98	109997
Danielle	Danielle	female	0.97	21788
Daphne	Daphne	female	0.98	3275
Daria	Daria	female	0.98	24535
Darren	Darren	male	0.99	15908
David	David	male	0.99	501011
Davide	Davide	male	0.99	82957
Davy-Kim	Davy-Kim	unknown	0	0
Dawn	Dawn	female	0.95	6743
Dean	Dean	male	0.98	13192
Debbie	Debbie	female	0.98	11493
Debra	Debra	female	0.97	3324
Dechun	Dechun	male	1	3
Defne	Defne	female	0.97	2463
Delia	Delia	female	0.98	7012
Denis	Denis	male	0.96	57303
Denisa	Denisa	female	0.99	13752
Denise	Denise	female	0.98	34047
Deniz	Deniz	male	0.6	55582
Dennis	Dennis	male	0.99	61118
Derek	Derek	male	0.99	11770
Dermont	Dermont	male	0.71	7
Desiree	Desiree	female	0.98	8021
Despina	Despina	female	0.98	1278
Diana	Diana	female	0.98	89820
Diane	Diane	female	0.97	15367
Dick	Dick	male	0.97	4087
Didac	Didac	male	0.98	876
Didem	Didem	female	0.96	6175
Diego	Diego	male	0.99	85672
Dimitri	Dimitri	male	0.99	17236
Dimitrios	Dimitrios	male	0.99	1919
Dina	Dina	female	0.97	20572
Dirk	Dirk	male	0.99	23736
Djessie	Djessie	female	0.91	11
Dmitriy	Dmitriy	male	1	4899
Domenico	Domenico	male	0.99	40956
Dominic	Dominic	male	0.98	9906
Dominik	Dominik	male	0.99	35410
Dónal	Donal	male	0.97	455
Dong	Dong	male	0.92	3611
Donghyun	Donghyun	male	0.98	297
Doug	Doug	male	0.99	4055
Douglas	Douglas	male	0.99	9529
Dragana	Dragana	female	0.98	8204
Drew	Drew	male	0.95	3330
Dulce	Dulce	female	0.96	6396
Ebru	Ebru	female	0.97	24743
Edgar	Edgar	male	0.99	16632
Edoardo	Edoardo	male	0.99	7617
Edward	Edward	male	0.99	22248
Eirik	Eirik	male	1	503
Eitan	Eitan	male	1	165
Eleanor	Eleanor	female	0.98	2356
Elena	Elena	female	0.99	149871
Elias	Elias	male	0.98	13320
Elif	Elif	female	0.97	36283
Elin	Elin	female	0.94	5026
Elisa	Elisa	female	0.99	80935
Elisabeth	Elisabeth	female	0.98	27551
Elizabeth	Elizabeth	female	0.99	31288
Elke	Elke	female	0.98	8066
Ellen	Ellen	female	0.98	11562
Elli	Elli	female	0.94	3290
Elliott	Elliott	male	0.98	926
Ellis	Ellis	female	0.53	1297
Eman	Eman	female	0.78	2638
Emil	Emil	male	0.98	16783
Emily	Emily	female	0.98	16379
Emma	Emma	female	0.93	57489
Emmy	Emmy	female	0.69	4889
Enrique	Enrique	male	0.99	25630
Eran	Eran	male	0.97	715
Eri	Eri	female	0.6	4139
Eric	Eric	male	0.99	135071
Erica	Erica	female	0.99	22048
Ericka	Ericka	female	0.98	1522
Erik	Erik	male	0.99	36091
Erika	Erika	female	0.99	55612
Errin	Errin	female	0.68	34
Esther	Esther	female	0.99	43885
Ethan	Ethan	male	0.99	3521
Eugene	Eugene	male	0.95	8915
Eugenio	Eugenio	male	0.99	10416
Eva	Eva	female	0.98	135031
Eva-Maria	Eva-Maria	female	0.96	901
Evelin	Evelin	female	0.97	4475
Evelyne	Evelyne	female	0.98	13782
Evgeny	Evgeny	male	0.99	2682
Ewen	Ewen	male	0.96	392
Ezequiel	Ezequiel	male	0.99	4330
Fabian	Fabian	male	0.99	27337
Fabio	Fabio	male	0.99	113500
Fabrizio	Fabrizio	male	0.99	34325
Faisal	Faisal	male	0.98	12681
Farsan	Farsan	male	0.85	13
Faten	Faten	female	0.98	1814
Feargal	Feargal	male	1	27
Federica	Federica	female	0.99	56361
Federico	Federico	male	0.99	43663
Fedra	Fedra	female	0.98	272
Felicia	Felicia	female	0.98	6273
Felicity	Felicity	female	0.97	806
Felipe	Felipe	male	0.98	18670
Felix	Felix	male	0.98	35608
Fergus	Fergus	male	0.99	274
Fernando	Fernando	male	0.99	88476
Ferran	Ferran	male	0.99	2847
Ferrin	Ferrin	male	0.55	11
Filip	Filip	male	0.98	23771
Filippo	Filippo	male	0.99	27899
Flavio	Flavio	male	0.99	15386
Florence	Florence	female	0.98	31246
Florian	Florian	male	0.99	57806
Fracesco	Fracesco	male	1	248
Frances	Frances	female	0.88	3173
Francesc	Francesc	male	0.98	2929
Francesca	Francesca	female	0.99	106743
Francesco	Francesco	male	0.99	196032
Francisco	Francisco	male	0.99	98797
François	Francois	male	0.98	26836
Frank	Frank	male	0.99	82391
Frank-Borge	Frank-Borge	unknown	0	0
Franziska	Franziska	female	0.97	12249
Fred	Fred	male	0.96	73886
Frederi	Frederi	male	0.97	31
Frederico	Frederico	male	0.99	2208
Frederik	Frederik	male	0.99	4045
Fridolin	Fridolin	male	0.96	217
Friederike	Friederike	female	0.96	1040
Gabriel	Gabriel	male	0.98	52559
Gabriele	Gabriele	male	0.85	34408
Gaël	Gael	male	0.94	7717
Gail	Gail	female	0.94	2752
Gaku	Gaku	male	0.99	123
Galileu	Galileu	male	1	21
Galina	Galina	female	0.99	7539
Garret	Garret	male	0.96	241
Gary	Gary	male	0.99	29381
Gema	Gema	female	0.98	13637
Gemma	Gemma	female	0.98	15931
Geoffrey	Geoffrey	male	0.99	14049
Georg	Georg	male	0.99	7301
Georgiy	Georgiy	male	0.99	276
Gerald	Gerald	male	0.99	13923
Gerda	Gerda	female	0.98	3719
Gergő	Gergo	male	1	569
Gerry	Gerry	male	0.93	8208
Gidon	Gidon	male	0.92	48
Gijs	Gijs	male	0.99	1093
Gilad	Gilad	male	0.99	146
Gina	Gina	female	0.98	22233
Giorgio	Giorgio	male	0.99	41494
Giovanni	Giovanni	male	0.99	104824
Gisela	Gisela	female	0.98	6296
Giuliana	Giuliana	female	0.99	5947
Giulio	Giulio	male	0.99	19697
Giuseppe	Giuseppe	male	0.99	163742
Gizem	Gizem	female	0.97	17467
Gloria	Gloria	female	0.99	35269
Gokhan	Gokhan	male	0.97	11372
Gorana	Gorana	female	0.96	309
Gracia	Gracia	female	0.94	1634
Gregory	Gregory	male	0.99	25701
Gudmund	Gudmund	male	1	30
Guido	Guido	male	0.99	15568
Guilherme	Guilherme	male	0.99	3694
Guillaume	Guillaume	male	0.99	58261
Guillem	Guillem	male	0.99	1535
Guillermo	Guillermo	male	0.99	15173
Gurur	Gurur	male	0.81	227
Guy	Guy	male	0.98	26733
Gyozo	Gyozo	male	1	81
Haakon	Haakon	male	0.99	153
Hadas	Hadas	female	0.83	71
Hajo	Hajo	male	0.95	394
Han	Han	male	0.73	5588
Hanna	Hanna	female	0.95	18008
Hannah	Hannah	female	0.97	13198
Hanne	Hanne	female	0.95	3603
Hanno	Hanno	male	0.88	499
Hans	Hans	male	0.97	37182
Haoyu	Haoyu	male	0.95	19
Hauke	Hauke	male	0.98	596
Håvard	Havard	male	0.92	155
Hayfat	Hayfat	unknown	0	0
Hector	Hector	male	0.99	20708
Heike	Heike	female	0.98	12039
Heiko	Heiko	male	0.99	8654
Heinz	Heinz	male	0.98	5834
Helene	Helene	female	0.98	5586
Héloïse	Heloise	female	0.97	831
Henning	Henning	male	0.99	3049
henrik	henrik	male	0.99	10710
Henrik	Henrik	male	0.99	10710
Henry	Henry	male	0.98	30742
Hideko	Hideko	female	0.95	55
Hilde	Hilde	female	0.98	3351
Hioroki	Hioroki	unknown	0	0
Huangting	Huangting	female	1	2
Hugo	Hugo	male	0.99	46650
Hyeok	Hyeok	male	0.89	111
Hyeon	Hyeon	male	0.58	614
Hyeonho	Hyeonho	male	1	17
Hyeran	Hyeran	female	0.96	99
Hyunjung	Hyunjung	female	0.9	319
Hyunwoo	Hyunwoo	male	0.97	321
Iain	Iain	male	0.99	2485
Ian	Ian	male	0.99	27117
Iasmin	Iasmin	female	0.69	75
Ignacio	Ignacio	male	0.99	9789
Ilona	Ilona	female	0.99	29528
In	In	female	0.73	3007
Iñaki	Inaki	male	0.95	247
Ines	Ines	female	0.98	25430
Ingrid	Ingrid	female	0.98	26843
Inken	Inken	female	0.97	266
Irene	Irene	female	0.99	50462
Isabel	Isabel	female	0.98	60396
Isabela	Isabela	female	0.98	2153
Isabell	Isabell	female	0.98	4458
Isabella	Isabella	female	0.98	15879
Isamu	Isamu	male	0.99	204
Ishita	Ishita	female	0.98	95
Itai	Itai	male	0.91	175
Itamar	Itamar	male	0.94	271
Itzkovitch-Malka	Itzkovitch-Malka	unknown	0	0
Iulia	Iulia	female	0.97	5742
Ivan	Ivan	male	0.99	117756
Ivica	Ivica	male	0.94	2267
Ivor	Ivor	male	0.98	501
Jaakko	Jaakko	male	0.99	1059
Jack	Jack	male	0.98	63210
Jacque	Jacque	male	0.69	1280
Jacqueline	Jacqueline	female	0.98	29511
Jae-Hee	Jae-Hee	male	0.53	15
Jae-Jae	Jae-Jae	unknown	0	0
Jaemin	Jaemin	male	0.91	269
Jaerin	Jaerin	female	1	3
Jakob-Moritz	Jakob-Moritz	unknown	0	0
Jakub	Jakub	male	0.99	38992
James	James	male	0.99	117309
Jamie	Jamie	male	0.81	19333
Jan	Jan	male	0.95	142869
Jana	Jana	female	0.99	105740
Jane	Jane	female	0.97	36653
Janica	Janica	female	0.94	322
Janina	Janina	female	0.98	11062
Janne	Janne	male	0.69	6962
Jason	Jason	male	0.99	63418
Javier	Javier	male	0.99	106497
Jay	Jay	male	0.91	36724
Jazmin	Jazmin	female	0.98	1832
Jean	Jean	male	0.95	196185
Jean-Francois	Jean-Francois	male	0.99	765
Jean-Louis	Jean-Louis	male	0.99	5131
Jeff	Jeff	male	0.99	32948
Jeffery	Jeffery	male	0.99	2273
Jeffrey	Jeffrey	male	0.99	22034
Jeheung	Jeheung	male	1	1
Jelle	Jelle	male	0.95	2289
Jemima	Jemima	female	0.98	590
Jennifer	Jennifer	female	0.98	90255
Jens	Jens	male	0.99	23807
Jeong	Jeong	male	0.65	2162
Jeppe	Jeppe	male	0.99	774
Jeremy	Jeremy	male	0.99	48233
Jerome	Jerome	male	0.99	55481
Jeronimo	Jeronimo	male	0.98	1783
Jesper	Jesper	male	0.99	6327
Jessica	Jessica	female	0.98	144795
Jinhee	Jinhee	female	0.81	374
Jisun	Jisun	female	0.92	266
Joachim	Joachim	male	0.99	8264
Joan	Joan	male	0.69	27362
Joan-Josep	Joan-Josep	male	1	1
Joaquin	Joaquin	male	0.99	14675
Jochen	Jochen	male	1	4220
Joe	Joe	male	0.95	58829
Joelle	Joelle	female	0.98	11998
Joëlle	Joelle	female	0.98	11998
Johan	Johan	male	0.99	41501
Johanna	Johanna	female	0.97	25767
Johannes	Johannes	male	0.99	13733
John	John	male	0.99	218952
Jon	Jon	male	0.98	29554
Jonah	Jonah	male	0.76	1252
Jonas	Jonas	male	0.99	25038
Jonathan	Jonathan	male	0.99	87986
Joost	Joost	male	0.99	3237
Jordan	Jordan	male	0.97	30440
Jordi	Jordi	male	0.99	31600
Jørgen	Jorgen	male	0.98	423
Jose	Jose	male	0.98	451671
José	Jose	male	0.98	451671
Josep	Josep	male	0.99	10821
Joseph	Joseph	male	0.99	60259
Joshua	Joshua	male	0.99	20919
Juan	Juan	male	0.98	274814
Judd	Judd	male	0.8	231
Judith	Judith	female	0.98	19741
Julia	Julia	female	0.97	106666
Julian	Julian	male	0.98	33459
Juliana	Juliana	female	0.98	14372
Julie	Julie	female	0.98	116926
Juliette	Juliette	female	0.97	13500
Julio	Julio	male	0.98	37832
Jun	Jun	male	0.9	8911
JungHwan	JungHwan	male	1	136
Junichi	Junichi	male	1	650
Junichiro	Junichiro	male	1	91
Juraj	Juraj	male	0.99	4236
Jurate	Jurate	female	0.98	828
Jürgen	Jurgen	male	0.99	3966
Justin	Justin	male	0.98	29577
Kaat	Kaat	female	0.97	380
Kaisa	Kaisa	female	0.91	958
Kamil	Kamil	male	0.99	66808
Kanish	Kanish	male	1	20
Kaoru	Kaoru	female	0.56	710
Karin	Karin	female	0.97	25914
Karl-Oskar	Karl-Oskar	male	1	10
Karrar	Karrar	male	1	122
Karsten	Karsten	male	0.99	5789
Kasia	Kasia	female	0.98	80027
Kate	Kate	female	0.98	38791
Katelyn	Katelyn	female	0.98	198
Katerina	Katerina	female	0.99	22022
Katharina	Katharina	female	0.97	18153
Katharine	Katharine	female	0.96	340
Kathleen	Kathleen	female	0.98	8685
Kathrin	Kathrin	female	0.97	10594
Katja	Katja	female	0.97	17879
Katjana	Katjana	female	1	40
Katrin	Katrin	female	0.97	16603
Kazuhiro	Kazuhiro	male	1	808
Kazuma	Kazuma	male	0.99	360
Kazuto	Kazuto	male	1	142
Keigo	Keigo	male	1	219
Keith	Keith	male	0.98	14549
Kelly	Kelly	female	0.87	40778
Kelsey	Kelsey	female	0.85	913
Kelsi	Kelsi	female	0.93	70
Ken	Ken	male	0.98	20992
Kenneth	Kenneth	male	0.98	20666
Kentaro	Kentaro	male	1	704
Kerim	Kerim	male	0.97	9739
Kerstin	Kerstin	female	0.97	17233
Kevin	Kevin	male	0.99	157365
Kimberly	Kimberly	female	0.99	17328
Kimuli	Kimuli	male	0.86	21
Kinski	Kinski	male	1	18
Kirby	Kirby	male	0.68	523
Kirill	Kirill	male	1	4979
Kirk	Kirk	male	0.98	2179
Kit	Kit	male	0.67	2192
Klara	Klara	female	0.98	7118
Klaus	Klaus	male	0.98	17301
Kohei	Kohei	male	1	655
Konstantin	Konstantin	male	1	6194
Konstantinos	Konstantinos	male	0.99	4197
Kostas	Kostas	male	0.99	16530
Kosuke	Kosuke	male	0.99	467
Kris-Stella	Kris-Stella	unknown	0	0
Kristen	Kristen	female	0.85	1525
Kristian	Kristian	male	0.99	8752
Kristin	Kristin	female	0.93	6934
Kristina	Kristina	female	0.98	29132
Kristoffer	Kristoffer	male	1	2278
Kristopher	Kristopher	male	1	1008
Krzysztof	Krzysztof	male	1	56714
Ksenia	Ksenia	female	0.98	5202
Kubli	Kubli	female	0.5	2
Laia	Laia	female	0.99	4037
Lana	Lana	female	0.97	9189
Laron	Laron	male	0.92	37
Lars	Lars	male	0.99	22753
Lars-Erik	Lars-Erik	male	0.98	214
Lasse	Lasse	male	0.99	4389
Laura	Laura	female	0.98	288403
Laure	Laure	female	0.97	22451
Lauren	Lauren	female	0.9	8924
Laurent	Laurent	male	0.99	84979
Laurenz	Laurenz	male	0.99	228
Lawrence	Lawrence	male	0.98	8119
Lea	Lea	female	0.96	23031
Leandro	Leandro	male	0.99	11623
Lee	Lee	male	0.8	38767
Leire	Leire	female	0.98	3410
Lena	Lena	female	0.98	42258
Lenka	Lenka	female	0.99	50218
Lennart	Lennart	male	1	2940
Leo	Leo	male	0.94	52253
Leon	Leon	male	0.98	22539
Leonardo	Leonardo	male	0.99	31322
Leonid	Leonid	male	1	2369
Les	Les	male	0.75	3226
Lesley-Ann	Lesley-Ann	female	1	76
Lia	Lia	female	0.97	12635
Liam	Liam	male	0.98	9293
Liana	Liana	female	0.98	4913
Lidwina	Lidwina	female	1	71
Liisa	Liisa	female	0.96	1178
Lilach	Lilach	female	0.98	48
Linna	Linna	female	0.95	2060
Lion	Lion	male	0.95	6069
Lior	Lior	male	0.86	535
Liran	Liran	male	0.89	141
Liron	Liron	male	0.69	170
Lisa	Lisa	female	0.98	102796
Lisanne	Lisanne	female	0.98	1090
Lise	Lise	female	0.97	8436
Livia	Livia	female	0.99	5716
Livio	Livio	male	0.99	3149
Loes	Loes	female	0.96	1396
Lonna	Lonna	female	0.91	248
Loren	Loren	male	0.61	3953
Lorenzo	Lorenzo	male	0.99	55168
Loriana	Loriana	female	0.99	515
Lotem	Lotem	female	0.5	6
Luca	Luca	male	0.96	185452
Lucas	Lucas	male	0.98	40689
Lucia	Lucia	female	0.99	80584
Lucy	Lucy	female	0.97	24812
Luis	Luis	male	0.99	176693
Lukas	Lukas	male	0.99	29433
Luke	Luke	male	0.99	16791
Lusine	Lusine	female	0.98	714
Lutfi	Lutfi	male	0.95	809
Luz	Luz	female	0.97	11797
Luzia	Luzia	female	0.97	1089
Lyman	Lyman	male	1	35
Maarja	Maarja	female	0.94	142
Macarena	Macarena	female	0.99	5840
Macartan	Macartan	unknown	0	0
Madeleine	Madeleine	female	0.98	7557
Magdalena	Magdalena	female	0.98	74013
Magdelina	Magdelina	female	0.86	7
Magnus	Magnus	male	0.99	7424
Maikol	Maikol	male	0.99	1222
Maleke	Maleke	female	0.55	22
Mallory	Mallory	female	0.79	887
Malu	Malu	female	0.92	1623
Manoel	Manoel	male	0.99	594
Manuel	Manuel	male	0.99	166605
Mara	Mara	female	0.96	53047
Marc	Marc	male	0.99	116213
Marcel	Marcel	male	0.99	63607
Marco	Marco	male	0.99	357670
Margit	Margit	female	0.98	4442
Maria	Maria	female	0.98	334287
Mariaelisa	Mariaelisa	female	1	60
Marianne	Marianne	female	0.99	37801
Mariano	Mariano	male	0.98	14862
Marie	Marie	female	0.98	229433
Marie-Lou	Marie-Lou	female	0.98	213
Mariken	Mariken	female	0.92	26
Mariluz	Mariluz	female	0.99	1514
Marina	Marina	female	0.98	109549
Mariña	Marina	female	0.98	109549
Mario	Mario	male	0.99	168958
Marius	Marius	male	0.99	30101
Mariyana	Mariyana	female	0.97	109
Mark	Mark	male	0.99	119313
Marko	Marko	male	0.99	32295
Markus	Markus	male	1	47703
Marlene	Marlene	female	0.98	10281
Marta	Marta	female	0.98	184145
Martijn	Martijn	male	0.99	5978
Martin	Martin	male	0.98	180687
Martina	Martina	female	0.99	101262
Mary	Mary	female	0.99	142684
Masataka	Masataka	male	1	240
Mascha	Mascha	female	0.98	700
Massimo	Massimo	male	0.99	69361
Matas	Matas	male	0.98	567
Mathias	Mathias	male	0.99	17180
Mathieu	Mathieu	male	0.99	43521
Mathilde	Mathilde	female	0.96	17232
Matias	Matias	male	0.98	9247
Matilde	Matilde	female	0.98	5001
Mats	Mats	male	0.99	4555
Matt	Matt	male	0.99	38275
Matteo	Matteo	male	0.99	69199
Matthew	Matthew	male	1	35521
Matthias	Matthias	male	1	26402
Matti	Matti	male	0.97	3282
Maurice	Maurice	male	0.98	16593
Mauricio	Mauricio	male	0.98	9983
Maurits	Maurits	male	0.99	535
Max	Max	male	0.98	106688
Maxime	Maxime	male	0.98	43056
Maximilian	Maximilian	male	1	6657
Mažvydas	Mazvydas	male	1	18
Md	Md	male	0.92	4466
Megan	Megan	female	0.96	5933
Melanie	Melanie	female	0.98	80630
Melissa	Melissa	female	0.99	63975
Meredith	Meredith	female	0.96	701
Merete	Merete	female	0.97	433
Meri	Meri	female	0.82	6781
Merih	Merih	male	0.68	550
Mert	Mert	male	0.97	59263
Mi	Mi	female	0.61	5699
Micha	Micha	male	0.98	79740
Michael	Michael	male	0.99	245870
Michal	Michal	male	0.99	62499
Michele	Michele	male	0.86	88388
Miguel	Miguel	male	0.99	158479
Mihai	Mihai	male	0.96	16701
Mihail	Mihail	male	0.99	2801
Mikael	Mikael	male	0.99	16160
Mike	Mike	male	0.99	109844
Miklos	Miklos	male	0.88	351
Miklós	Miklos	male	0.88	351
Milan	Milan	male	0.99	40661
Miles	Miles	male	0.85	1714
Min	Min	male	0.57	7493
Miquel	Miquel	male	0.98	4227
Miranda	Miranda	female	0.95	8537
Miriam	Miriam	female	0.98	47010
Mirian	Mirian	female	0.97	4543
Mirko	Mirko	male	0.99	37385
Mirya	Mirya	female	0.98	43
Mitja	Mitja	male	0.99	990
Mohammad	Mohammad	male	0.98	31501
Monica	Monica	female	0.99	81357
Mónica	Monica	female	0.99	81357
Monika	Monika	female	0.98	148481
Moritz	Moritz	male	0.99	4088
Muhammad	Muhammad	male	0.99	32597
Musashi	Musashi	male	1	97
Naama	Naama	female	0.79	115
Nadia	Nadia	female	0.98	66915
Nadiya	Nadiya	female	0.97	921
Nadja	Nadja	female	0.97	8845
Nahomi	Nahomi	female	0.96	150
Naofumi	Naofumi	male	1	60
Naoko	Naoko	female	0.98	934
Naomi	Naomi	female	0.98	10562
Narayani	Narayani	female	0.85	20
Narisong	Narisong	unknown	0	0
Nasos	Nasos	male	0.99	553
Natalia	Natalia	female	0.98	102542
Nataliya	Nataliya	female	0.98	3670
Natascha	Natascha	female	0.98	8963
Nathalie	Nathalie	female	0.98	94304
Nathan	Nathan	male	0.99	20181
Nauro	Nauro	male	1	8
Nava	Nava	male	0.53	292
Nelson	Nelson	male	0.98	24495
Neophytos	Neophytos	male	1	68
Nerea	Nerea	female	0.99	12275
Nestor	Nestor	male	0.98	6358
Niamh	Niamh	female	0.98	758
Nicholas	Nicholas	male	0.99	16755
Nick	Nick	male	0.98	46290
Nicola	Nicola	male	0.85	60815
Nicolai	Nicolai	male	0.98	1966
Nicolas	Nicolas	male	0.99	116713
Nicole	Nicole	female	0.98	102075
Nicolò	Nicolo	male	0.98	1191
Nikitas	Nikitas	male	0.98	305
Niklas	Niklas	male	1	10027
Nikolaj	Nikolaj	male	0.99	1318
Nikolas	Nikolas	male	0.99	5324
Nikoleta	Nikoleta	female	0.98	1716
Nils	Nils	male	0.99	9603
Nina	Nina	female	0.98	80011
Noah	Noah	male	0.88	3939
Noam	Noam	male	0.94	673
Nolan	Nolan	male	0.98	1287
Nora	Nora	female	0.97	21072
Nourhan	Nourhan	female	0.99	305
Nuno	Nuno	male	0.99	33419
Oda	Oda	female	0.6	346
Odelia	Odelia	female	0.97	91
Oguzhan	Oguzhan	male	0.97	5048
Oke	Oke	male	0.8	620
Olav	Olav	male	0.99	589
Olga	Olga	female	0.98	80307
Oliver	Oliver	male	0.99	32776
Omar	Omar	male	0.98	68333
Omer	Omer	male	0.97	10282
Or	Or	male	0.56	604
Oren	Oren	male	0.93	481
Osnat	Osnat	female	1	35
Ostry	Ostry	male	0.94	17
Otto	Otto	male	0.97	5152
Øyvind	Oyvind	male	1	145
Ozge	Ozge	female	0.96	1119
Pablo	Pablo	male	0.99	76709
Pamela	Pamela	female	0.98	31042
Paolo	Paolo	male	0.99	102713
Papgeorgiou	Papgeorgiou	unknown	0	0
Pär	Par	male	0.59	820
Patricia	Patricia	female	0.98	132232
Patrícia	Patricia	female	0.98	132232
Patrick	Patrick	male	0.99	153288
Patrik	Patrik	male	0.99	19252
Pau	Pau	male	0.66	6724
Paul	Paul	male	0.99	148099
Paula	Paula	female	0.98	74130
Pauliina	Pauliina	female	0.93	445
Paulina	Paulina	female	0.98	65733
Pauline	Pauline	female	0.98	56233
Paulo	Paulo	male	0.99	61515
Pavithra	Pavithra	female	0.95	118
Pawel	Pawel	male	0.99	19522
Pedro	Pedro	male	0.99	165413
Peter	Peter	male	0.99	165452
Petr	Petr	male	0.98	81130
Petra	Petra	female	0.99	81279
Peyman	Peyman	male	0.97	1351
Philip	Philip	male	0.99	21882
Philipp	Philipp	male	1	18479
Philippa	Philippa	female	0.97	439
Philippe	Philippe	male	0.99	82618
Philips	Philips	male	0.93	488
Pia	Pia	female	0.96	12901
Pierfrancesco	Pierfrancesco	male	0.99	709
Piero	Piero	male	0.99	22914
Pieter	Pieter	male	0.99	7575
Pieterjan	Pieterjan	male	0.99	122
Pilar	Pilar	female	0.98	27619
Pirmin	Pirmin	male	0.98	161
Pit	Pit	male	0.94	3705
Prabin	Prabin	male	0.98	118
Prisca	Prisca	female	0.98	5670
Przemysław	Przemyslaw	male	1	2069
Purnamita	Purnamita	unknown	0	0
QingQian	QingQian	male	1	2
Quan	Quan	male	0.87	628
Quynh	Quynh	female	0.83	215
Raanan	Raanan	male	1	21
Rabia	Rabia	female	0.93	8098
Rachael	Rachael	female	0.97	3161
Rachel	Rachel	female	0.98	28052
Radoslaw	Radoslaw	male	0.99	1340
Rafael	Rafael	male	0.99	45829
Raimondas	Raimondas	male	0.99	278
Rainer	Rainer	male	0.99	7008
Ralph	Ralph	male	0.99	10130
Raluca	Raluca	female	0.97	6978
RALUCA	RALUCA	female	0.97	6978
Randolph	Randolph	male	0.98	581
Raphael	Raphael	male	0.99	10284
Rasmus	Rasmus	male	0.99	3866
Raul	Raul	male	0.99	64281
Raúl	Raul	male	0.99	64281
Ravi	Ravi	male	0.98	6167
Raya	Raya	female	0.87	872
Raymond	Raymond	male	0.99	21679
Rebecca	Rebecca	female	0.98	36835
Rebeccca	Rebeccca	female	0.96	24
Rebekah	Rebekah	female	0.99	604
Rena	Rena	female	0.94	4295
Rene	Rene	male	0.91	35497
Renu	Renu	female	0.94	363
Resat	Resat	male	0.97	631
Resul	Resul	male	0.97	6253
Reto	Reto	male	0.99	1853
Reut	Reut	female	0.77	57
Ricardo	Ricardo	male	0.99	75750
Richard	Richard	male	0.99	101928
Rieko	Rieko	female	0.93	193
Ringailė	Ringaile	female	1	4
Rob	Rob	male	0.98	32016
Robert	Robert	male	0.99	177418
Roberto	Roberto	male	0.99	151858
Robin	Robin	male	0.93	34003
Rocio	Rocio	female	0.99	38361
Rodolfo	Rodolfo	male	0.98	7271
Rodrigo	Rodrigo	male	0.99	22355
Rohan	Rohan	male	0.98	2333
Romain	Romain	male	0.99	56533
Roman	Roman	male	0.98	54731
Roman-Gabriel	Roman-Gabriel	unknown	0	0
Rongbin	Rongbin	male	1	7
Roni	Roni	male	0.86	3685
Ronja	Ronja	female	0.97	2461
Ronny	Ronny	male	0.98	15356
Rory	Rory	male	0.69	2681
Rosa	Rosa	female	0.98	77424
Rosalind	Rosalind	female	0.98	331
Roxanne	Roxanne	female	0.98	3784
Ruben	Ruben	male	0.99	60998
Rubén	Ruben	male	0.99	60998
Rune	Rune	male	0.97	1923
Ruth	Ruth	female	0.98	28718
Ryan	Ryan	male	0.99	45164
Saad	Saad	male	0.97	15627
Sabina	Sabina	female	0.98	19547
Sabine	Sabine	female	0.98	43397
Sabrina	Sabrina	female	0.98	109737
Salomo	Salomo	male	0.98	66
Salvatore	Salvatore	male	0.99	66507
Sam	Sam	male	0.81	96261
Samantha	Samantha	female	0.98	31152
Samuel	Samuel	male	0.99	59464
Sandra	Sandra	female	0.98	266121
Sanja	Sanja	female	0.95	8376
Santiago	Santiago	male	0.98	16342
Saquib	Saquib	male	1	63
Sara	Sara	female	0.98	244324
Sarah	Sarah	female	0.98	174584
Sascha	Sascha	male	0.97	25840
Saskia	Saskia	female	0.98	12358
saumitra	saumitra	male	0.96	24
Saumthira	Saumthira	unknown	0	0
Saurabh	Saurabh	male	0.99	1883
Scott	Scott	male	0.99	31815
Sean	Sean	male	0.99	25765
Sebastian	Sebastian	male	0.99	81792
Seiki	Seiki	male	0.94	51
Selina	Selina	female	0.96	8696
Seobin	Seobin	female	0.67	3
Seonghui	Seonghui	female	0.79	14
Seraina	Seraina	female	0.97	222
Sergey	Sergey	male	1	17742
Sergi	Sergi	male	0.99	8651
Sergio	Sergio	male	0.99	131922
Şeyma	Seyma	female	0.95	1458
Shahana	Shahana	female	0.95	76
Shan-Jan	Shan-Jan	unknown	0	0
Shane	Shane	male	0.89	11605
Shannon	Shannon	female	0.78	5669
Shanto	Shanto	male	0.94	51
Shardul	Shardul	male	0.95	37
Shaul	Shaul	male	0.99	100
Shaun	Shaun	male	0.99	9813
Shenghao	Shenghao	male	1	9
Shira	Shira	female	0.93	358
Shusuke	Shusuke	male	1	48
Sigrid	Sigrid	female	0.97	2606
Silja	Silja	female	0.91	454
Silje	Silje	female	0.98	401
Silke	Silke	female	0.98	9872
Silvana	Silvana	female	0.98	12557
Silvia	Silvia	female	0.99	120107
Simon	Simon	male	0.98	71276
Simón	Simon	male	0.98	71276
Simone	Simone	male	0.75	86110
Sina	Sina	female	0.69	9158
Sinéad	Sinead	female	0.97	1090
Sirianne	Sirianne	female	1	4
Sirus	Sirus	male	0.96	131
Siyana	Siyana	female	0.84	38
Sobhi	Sobhi	male	0.95	259
soenke	soenke	male	1	44
Sofia	Sofia	female	0.98	59571
Sofía	Sofia	female	0.98	59571
Somya	Somya	female	0.86	80
Sonia	Sonia	female	0.98	114177
Soomin	Soomin	female	0.74	144
Sophia	Sophia	female	0.97	16034
Sparsha	Sparsha	male	1	1
Spencer	Spencer	male	0.96	2141
Spyros	Spyros	male	0.99	2231
Srinivas	Srinivas	male	0.99	862
Stecker	Stecker	male	1	5
Stefan	Stefan	male	0.98	83987
Stefanie	Stefanie	female	0.97	25370
Stefano	Stefano	male	0.99	95107
Steffen	Steffen	male	1	12961
Stephane	Stephane	male	0.99	59726
Stephen	Stephen	male	0.99	36980
Steven	Steven	male	0.99	61542
Stig	Stig	male	0.99	1564
Stuart	Stuart	male	0.99	10695
Susanna	Susanna	female	0.97	9791
Susannah	Susannah	female	0.97	276
Susumu	Susumu	male	1	322
Suthan	Suthan	male	0.99	81
Svanhildur	Svanhildur	female	0.92	13
Sveinung	Sveinung	male	1	43
Sven	Sven	male	0.99	35251
Sven-Oliver	Sven-Oliver	male	1	18
Svenja	Svenja	female	0.97	6701
Sverker	Sverker	male	0.97	60
Sylvain	Sylvain	male	0.99	37051
Tabea	Tabea	female	0.95	1301
Taehee	Taehee	male	0.53	124
Tahir	Tahir	male	0.97	7688
Takashi	Takashi	male	0.99	2985
Tamaki	Tamaki	female	0.65	97
Tamás	Tamas	male	0.93	2687
Tània	Tania	female	0.98	42656
Tanja	Tanja	female	0.98	35007
Tanushree	Tanushree	female	1	52
Tao	Tao	male	0.86	1883
Tara	Tara	female	0.92	6410
Tarik	Tarik	male	0.98	19907
Tasos	Tasos	male	0.99	4262
Tatjana	Tatjana	female	0.98	11390
Ted	Ted	male	0.98	6828
Terrence	Terrence	male	0.99	1138
Théoda	Theoda	male	1	2
Theodore	Theodore	male	0.98	2116
Theres	Theres	female	0.96	339
Theresa	Theresa	female	0.97	8488
Thiago	Thiago	male	0.99	3998
Thomas	Thomas	male	0.99	176440
Thorin	Thorin	male	0.93	40
Thorsten	Thorsten	male	1	9772
Tianyi	Tianyi	male	0.71	56
Tiffany	Tiffany	female	0.98	10281
Tilko	Tilko	male	1	8
Till	Till	male	0.98	1430
Tim	Tim	male	0.99	47038
Timm	Timm	male	0.99	947
Timon	Timon	male	0.95	1027
Timothy	Timothy	male	0.99	13105
Tina	Tina	female	0.98	56487
Tine	Tine	female	0.9	3557
Tinghua	Tinghua	female	0.5	2
Tobias	Tobias	male	1	31474
Todd	Todd	male	0.99	6598
Toke	Toke	male	0.65	168
Tolga	Tolga	male	0.97	34398
Tom	Tom	male	0.99	126230
Tomas	Tomas	male	0.99	35318
Tommaso	Tommaso	male	0.99	11582
Tomoko	Tomoko	female	0.97	1318
Toni	Toni	male	0.94	64776
Tonya	Tonya	female	0.97	1403
Tore	Tore	male	0.98	2860
Torun	Torun	male	0.75	63
Trajche	Trajche	female	0.5	2
Travis	Travis	male	0.99	5870
Troels	Troels	male	1	291
Tuomo	Tuomo	male	1	541
Ursa	Ursa	female	0.77	162
Ursula	Ursula	female	0.98	7051
Valentin	Valentin	male	0.99	25868
Valeriya	Valeriya	female	0.98	1417
Vally	Vally	female	0.75	946
Vanessa	Vanessa	female	0.98	123396
Vera	Vera	female	0.98	34036
Vered	Vered	female	0.97	69
Verena	Verena	female	0.97	9158
Veronica	Veronica	female	0.99	69016
Véronique	Veronique	female	0.99	25006
Vibeke	Vibeke	female	0.98	764
Vicente	Vicente	male	0.98	20107
Vicky	Vicky	female	0.82	26167
Viktor	Viktor	male	0.99	19539
Viktoriia	Viktoriia	female	0.98	199
Vincent	Vincent	male	0.99	79107
vincenzo	vincenzo	male	0.99	61364
Vincenzo	Vincenzo	male	0.99	61364
Virginia	Virginia	female	0.99	36136
Vittorio	Vittorio	male	0.99	13065
Vlad	Vlad	male	0.95	12934
Vladimir	Vladimir	male	0.99	24429
Vojtech	Vojtech	male	0.99	1031
Vytautas	Vytautas	male	0.99	819
Wahideh	Wahideh	unknown	0	0
Walter	Walter	male	0.99	30023
Wang	Wang	male	0.64	3532
Wendy	Wendy	female	0.97	25729
Wenqing	Wenqing	male	0.63	30
Werner	Werner	male	0.99	9378
Wessel	Wessel	male	0.97	450
Will	Will	male	0.97	15251
William	William	male	0.99	64097
Wojciech	Wojciech	male	1	17328
Wolfgang	Wolfgang	male	0.99	12915
Wouter	Wouter	male	0.99	3855
Xander	Xander	male	0.98	1432
Xavier	Xavier	male	0.99	36056
Xiangning	Xiangning	unknown	0	0
Xiao	Xiao	female	0.56	2525
Xiaodong	Xiaodong	male	0.93	147
Xiaoyu	Xiaoyu	female	0.59	269
Ximena	Ximena	female	0.99	2018
Yael	Yael	female	0.73	1173
Yannick	Yannick	male	0.96	28735
Yannis	Yannis	male	0.98	3161
YaQian	YaQian	female	1	5
Yen-Chieh	Yen-Chieh	male	1	1
Yesola	Yesola	unknown	0	0
Yi-nung	Yi-nung	unknown	0	0
Yihan	Yihan	female	0.61	38
Yikai	Yikai	male	1	12
Yiqian	Yiqian	male	0.54	13
Yixian	Yixian	female	0.73	11
Yonatan	Yonatan	male	0.98	733
Yoshiaki	Yoshiaki	male	0.99	461
Yoshiharu	Yoshiharu	male	1	140
Yotam	Yotam	male	1	47
Yuan	Yuan	male	0.56	1393
Yue	Yue	female	0.6	816
Yuki	Yuki	female	0.6	5195
Yuleng	Yuleng	male	0.67	3
Yuliya	Yuliya	female	0.98	3901
Yuri	Yuri	male	0.76	9549
Yusaku	Yusaku	male	0.99	114
Yusuf	Yusuf	male	0.97	62291
Yusuke	Yusuke	male	1	1903
Yves	Yves	male	0.98	27837
Yvette	Yvette	female	0.98	7633
Yvonne	Yvonne	female	0.98	29756
Zac	Zac	male	0.97	2380
Zach	Zach	male	0.99	2074
Zachary	Zachary	male	0.99	2836
Zack	Zack	male	0.98	4748
Zain	Zain	male	0.93	2743
Zbigniew	Zbigniew	male	1	8557
Zeynep	Zeynep	female	0.97	31807
Zhanna	Zhanna	female	0.98	1544
Zhenyu	Zhenyu	male	0.88	82
Ziyi	Ziyi	female	0.73	56
Zoltan	Zoltan	male	0.99	2370
Zoltán	Zoltan	male	0.99	2370
Zsuzsanna	Zsuzsanna	female	0.99	7943
Zuheir	Zuheir	male	0.96	48
